track_id,artist,album,track_name,duration_ms,track_genre
5vjLSffimiIP26QG5WcN2K,Chord Overstreet,Hold On,Hold On,198853,acoustic
1EzrEOXmMH3G43AXT1y7pA,Jason Mraz,We Sing. We Dance. We Steal Things.,I'm Yours,242946,acoustic
5E30LdtzQTGqRvNd7l6kG5,The Neighbourhood,Wiped Out!,Daddy Issues,260173,alt-rock
2Y0iGXY6m6immVb2ktbseM,MGMT,Little Dark Age,Little Dark Age,299960,alt-rock
2K7xn816oNHJZ0aVqdQsha,The Neighbourhood,Hard To Imagine The Neighbourhood Ever Changing,Softcore,206280,alt-rock
2QjOHCTQ1Jl3zawyYOpxh6,The Neighbourhood,I Love You.,Sweater Weather,240400,alt-rock
7zwn1eykZtZ5LODrf7c0tS,The Neighbourhood,Hard To Imagine The Neighbourhood Ever Changing,You Get Me So High,153000,alt-rock
0y1QJc3SJVPKJ1OvFmFqe6,KALEO,A/B,Way down We Go,213706,alt-rock
4CeeEOM32jQcH3eN9Q2dGj,Nirvana,Nevermind (Remastered),Smells Like Teen Spirit,301920,alt-rock
4kbj5MwxO1bq9wjT5g9HaA,WALK THE MOON,TALKING IS HARD,Shut Up and Dance,199080,alt-rock
2xql0pid3EUwW38AsywxhV,The Neighbourhood,Hard To Imagine The Neighbourhood Ever Changing,Reflections,244013,alt-rock
70LcF31zb1H0PyJoS1Sx1r,Radiohead,Pablo Honey,Creep,238640,alt-rock
77loZpT5Y5PRP1S451P9Yz,Hoobastank,The Reason (15th Anniversary Deluxe),The Reason,232800,alt-rock
10nyNJ6zNy2YVYLrcwLccB,Radiohead,OK Computer,No Surprises,229120,alt-rock
3dPQuX8Gs42Y7b454ybpMR,The White Stripes,Elephant,Seven Nation Army,232106,alt-rock
2u0CelO5c81XS7z3dGpHbS,The Neighbourhood,Wiped Out!,The Beach,255133,alt-rock
0uBdQzKghx88d2Lp8SLFKJ,The 1975,I'm In Love With You,I'm In Love With You,262623,alt-rock
48UPSzbZjgc449aqz8bxox,Red Hot Chili Peppers,Californication (Deluxe Edition),Californication,329733,alt-rock
003vvx7Niy0yvhvHt4a68B,The Killers,Hot Fuss,Mr. Brightside,222973,alt-rock
2RsAajgo0g7bMCHxwH3Sk0,Nirvana,Nevermind (Remastered),Come As You Are,218920,alt-rock
2aibwv5hGXSgw7Yru8IYTO,Red Hot Chili Peppers,Stadium Arcadium,Snow (Hey Oh),334666,alt-rock
0GO8y8jQk1PkHzS31d699N,Grouplove,Never Trust a Happy Song,Tongue Tied,218013,alt-rock
31AOj9sFz2gM0O3hMARRBx,R.E.M.,Out Of Time (25th Anniversary Edition),Losing My Religion,268426,alt-rock
2iUmqdfGZcHIhS3b9E9EWq,Neon Trees,Picture Show,Everybody Talks,177280,alt-rock
5ruzrDWcT0vuJIOMW7gMnW,The Strokes,The New Abnormal,The Adults Are Talking,309053,alt-rock
11LmqTE2naFULdEP94AUBa,Nirvana,In Utero - 20th Anniversary - Deluxe Edition,Heart-Shaped Box,281160,alt-rock
3ZOEytgrvLwQaqXreDs2Jx,Red Hot Chili Peppers,By the Way (Deluxe Edition),Can't Stop,269000,alt-rock
1LzNfuep1bnAUR9skqdHCK,Mazzy Star,So Tonight That I Might See,Fade Into You,295600,alt-rock
3d9DChrdc6BOeFsbrZ3Is0,Red Hot Chili Peppers,Blood Sugar Sex Magik (Deluxe Edition),Under the Bridge,264306,alt-rock
7wCmS9TTVUcIhRalDYFgPy,Pixies,Surfer Rosa,Where Is My Mind? - Remastered,234973,alt-rock
57iDDD9N9tTWe75x6qhStw,The Verve,Urban Hymns (Remastered 2016),Bitter Sweet Symphony,357266,alt-rock
3cfOd4CMv2snFaKAnMdnvK,Smash Mouth,Astro Lounge,All Star,200373,alt-rock
5W8YXBz9MTIDyrpYaCg2Ky,Papa Roach,Infest,Last Resort,199906,alt-rock
59WN2psjkt1tyaxjspN8fp,Rage Against The Machine,Rage Against The Machine - XX (20th Anniversary Special Edition),Killing In The Name,313573,alt-rock
5UWwZ5lm5PKu6eKsHAGxOk,Foo Fighters,The Colour And The Shape,Everlong,250546,alt-rock
4sNG6zQBmtq7M8aeeKJRMQ,Declan McKenna,What Do You Think About the Car?,Brazil,252306,alt-rock
64BbK9SFKH2jk86U3dGj2P,Red Hot Chili Peppers,Californication (Deluxe Edition),Otherside,255373,alt-rock
1G391cbiT3v3Cywg8T7DM1,Red Hot Chili Peppers,Californication (Deluxe Edition),Scar Tissue,215906,alt-rock
0gmbgwZ8iqyMPmXefof8Yf,Nickelback,Silver Side Up,How You Remind Me,223840,alt-rock
5r5cp9IpziiIsR6b93vcnQ,Empire of the Sun,Walking On A Dream (10th Anniversary Edition),Walking On A Dream,198440,alt-rock
1jJci4qxiYcOHhQR247rEU,MGMT,Oracular Spectacular,Kids,302840,alt-rock
7x8dCjCr0x6x2lXKujYD34,Foo Fighters,"Echoes, Silence, Patience & Grace",The Pretender,269373,alt-rock
2MLHyLy5z5l5YRp7momlgw,Weezer,Weezer (Green Album),Island In The Sun,200306,alt-rock
6ZOBP3NvffbU4SZcrnt1k6,3 Doors Down,The Better Life,Kryptonite,233933,alt-rock
6TfBA04WJ3X1d1wXhaCFVT,The Offspring,"Rise And Fall, Rage And Grace","You're Gonna Go Far, Kid",177826,alt-rock
6GG73Jik4jUlQCkKg9JuGO,Jimmy Eat World,Bleed American,The Middle,165853,alt-rock
10Nmj3JCNoMeBQ87uw5j8k,Red Hot Chili Peppers,Stadium Arcadium,Dani California,282160,alt-rock
1FTSo4v6BOZH9QxKc3MbVM,Blur,Blur (Special Edition),Song 2 - 2012 Remaster,121160,alt-rock
20I8RduZC2PWMWTDCZuuAN,Franz Ferdinand,Franz Ferdinand,Take Me Out,237026,alt-rock
6PwjJ58I4t7Mae9xfZ9l9v,The Killers,Hot Fuss,Somebody Told Me,197200,alt-rock
4EchqUKQ3qAQuRNKmeIpnf,The Offspring,Americana,The Kids Aren't Alright,180160,alt-rock
3YuaBvuZqcwN3CEAyyoaei,Audioslave,Audioslave,Like a Stone,293960,alt-rock
4fouWK6XVHhzl78KzQ1UjL,GAYLE,abcdefu,abcdefu,168601,alternative
60a0Rd6pjrkxjPbaKzXjfq,Linkin Park,Hybrid Theory (Bonus Edition),In the End,216880,alternative
2nLtzopw4rPReszdYBJU6h,Linkin Park,Meteora,Numb,185586,alternative
0eu4C55hL6x29mmeAjytzC,Oliver Tree,"Ugly is Beautiful: Shorter, Thicker & Uglier (Deluxe)",Life Goes On,161803,alternative
0COqiPhxzoWICwFCS4eZcp,Evanescence,Fallen,Bring Me To Life,235893,alternative
6IbnUaczZBT34DhaD6S18F,MARINA,Electra Heart (Deluxe),Bubblegum Bitch,154666,alternative
0d28khcov6AiegSCpG5TuT,Gorillaz,Demon Days,Feel Good Inc.,222640,alternative
2DlHlPMa4M17kufBvI2lEN,System Of A Down,Toxicity,Chop Suey!,210240,alternative
3K4HG9evC7dg3N0R9cYqk4,Linkin Park,Hybrid Theory (Bonus Edition),One Step Closer,157333,alternative
1foMv2HQwfQ2vntFf9HFeG,Gorillaz,Plastic Beach,Rhinestone Eyes,200173,alternative
0snQkGI5qnAmohLE7jTsTn,System Of A Down,Toxicity,Toxicity,218933,alternative
0q6LuUqGLUiCPP1cbdwFs3,Gorillaz,Plastic Beach,On Melancholy Hill,233866,alternative
61mWefnWQOLf90gepjOCb3,Slipknot,Vol. 3: The Subliminal Verses,Duality,252613,alternative
1FWsomP9StpCcXNWmJk8Cl,Cigarettes After Sex,Cigarettes After Sex,K.,320030,ambient
0yc6Gst2xkRu0eMLeRMGCX,Cigarettes After Sex,Cigarettes After Sex,Apocalypse,290616,ambient
0SpkyS1Q4MD8GaVcP5YjT4,Cigarettes After Sex,Cigarettes After Sex,Sunsetz,215150,ambient
3khEEPRyBeOUabbmOPJzAG,Kenshi Yonezu,KICK BACK,KICK BACK,193495,anime
5elW2CKSoqjYoJ32AGDxf1,ENHYPEN,DIMENSION : ANSWER,Polaroid Love,184601,anime
2tznHmp70DxMyr2XhWLOW0,Cage The Elephant,Melophobia,Cigarette Daydreams,208760,blues
7e89621JPkKaeDSTQ3avtg,Lynyrd Skynyrd,Second Helping (Expanded Edition),Sweet Home Alabama,283800,blues
1qRA5BS78u3gME0loMl9AA,Buffalo Springfield,Buffalo Springfield,For What It's Worth,153693,blues
0DuWDLjriRPjDRoPgaCslY,Adele,25,Love In The Dark,285935,british
3di5hcvxxciiqwMH1jarhY,Adele,21,Set Fire to the Rain,242973,british
0gplL1WMoJ6iYaPgMCL0gX,Adele,Easy On Me,Easy On Me,224694,british
3bNv3VuUOKgrf5hu3YcuRo,Adele,21,Someone Like You,285240,british
6VObnIkLVruX4UVyxWhlqm,Adele,Skyfall,Skyfall,286480,british
6O5TrlFWTYvznd9fMC0VvU,Adele,25,When We Were Young,290900,british
3Kkjo3cT83cw09VJyrLNwX,Adele,30,Oh My God,225148,british
4OSBTYWVwsQhGLF9NHvIbR,Adele,21,Rolling in the Deep,228093,british
4IhTXiZLKATmwhMZIb1GQN,Tom Rosenthal,Z-Sides,Lights Are On,193749,british
62ke5zFUJN6RvtXZgVH0F8,Paloma Faith,A Perfect Contradiction (Outsiders' Expanded Edition),Only Love Can Hurt Like This,232893,british
3FAclTFfvUuQYnEsptbK8w,Amy Winehouse,Back To Black (Deluxe Edition),Back To Black,241293,british
6dGnYIeXmHdcikdzNNDMm2,The Beatles,Abbey Road (Remastered),Here Comes The Sun - Remastered 2009,185733,british
63T7DJ1AFDD6Bn8VzG6JE8,The Rolling Stones,Aftermath,"Paint It, Black",202266,british
0QzuaeCEEOV40Pn7IvKEny,dhruv,rapunzel,double take,171743,chill
3JvKfv6T31zO0ini8iNItO,Tom Odell,Long Way Down (Deluxe),Another Love,244360,chill
7ArVzlFsFsQXNseVXmdOyk,Denise Julia,NVMD,NVMD,181224,chill
7D7e6hm2LiNd6nLuJF6K9Q,80purppp,Hex,Hex,122221,chill
40riOy7x9W7GXjyGp4pjAv,Eagles,Hotel California (2013 Remaster),Hotel California - 2013 Remaster,391376,country
2LawezPeJhN4AWuSB0GtAU,Creedence Clearwater Revival,Pendulum (Expanded Edition),Have You Ever Seen The Rain,160133,country
1wb4P4F0sxAQ2KXrRvsx6n,Shania Twain,Come On Over,You're Still The One,212200,country
3WMj8moIAXJhHsyLaqIIHI,Zach Bryan,Something in the Orange,Something in the Orange,228013,country
4BP3uh0hFLFRb5cjsgLqDh,Creedence Clearwater Revival,Willy And The Poor Boys (Expanded Edition),Fortunate Son,140773,country
3fqwjXwUGN6vbzIwvyFMhx,Chris Stapleton,Traveller,Tennessee Whiskey,293293,country
0ZUo4YjG4saFnEJhdWp9Bt,Carrie Underwood,Some Hearts,Before He Cheats,199946,country
2rxQMGVafnNaRaXlRMWPde,Luke Combs,This One's for You Too (Deluxe Edition),Beautiful Crazy,193200,country
5uU1uuyaUIBOiiUSQG7Wl3,Morgan Wallen,You Proof,You Proof,157477,country
6sxptembJVty4sNtcPMAVz,Shania Twain,Come On Over,Man! I Feel Like A Woman!,234493,country
200x8ONbPfFzByUr3fVz46,Cole Swindell,Stereotype,She Had Me At Heads Carolina,206106,country
20OFwXhEXf12DzwXmaV7fj,Creedence Clearwater Revival,Green River (Expanded Edition),Bad Moon Rising,141600,country
3cBsEDNhFI9E82vPj3kvi3,Morgan Wallen,Dangerous: The Double Album,Wasted On You,178520,country
1QEEqeFIZktqIpPI4jSVSF,Boston,Boston,More Than a Feeling,285133,country
28n8z9IQKyjMPxmvYMBqZa,Luke Combs,The Kind of Love We Make,The Kind of Love We Make,224426,country
6IBcOGPsniK3Pso1wHIhew,Luke Combs,What You See Ain't Always What You Get (Deluxe Edition),Forever After All,232533,country
3xdjjKMcMOFgo1eQrfbogM,Darius Rucker,True Believers,Wagon Wheel,298373,country
4686eQ81DEswHa90bcdlC9,Bailey Zimmerman,Rock and A Hard Place,Rock and A Hard Place,207540,country
6foY66mWZN0pSRjZ408c00,Morgan Wallen,If I Know Me,Whiskey Glasses,234346,country
29zZmiBDLykYYTj7RN6VhV,Megan Moroney,Tennessee Orange,Tennessee Orange,223119,country
5IgjP7X4th6nMNDh4akUHb,Chris Brown,Indigo (Extended),Under The Influence,184613,dance
3afkJSKX0EAMsJXTZnDXXJ,Troye Sivan,Strawberries & Cigarettes,Strawberries & Cigarettes,201538,dance
6ocbgoVGwYJhOv1GgI9NsF,Ariana Grande,"thank u, next",7 rings,178626,dance
2P91MQbaiQOfbiz9VqhqKQ,Lauv,I met you when I was 18. (the playlist),I Like Me Better,197436,dance
5cF0dROlMOK5uNZtivgu50,Charlie Puth,Voicenotes,Attention,208786,dance
35mvY5S1H3J2QZyna3TFe0,Ariana Grande,Positions,positions,172324,dance
6Uj1ctrBOjOas8xZXGqKk4,Doja Cat,Planet Her,Woman,172626,dance
39LLxExYz6ewLAcYrzQQyP,Dua Lipa,Future Nostalgia,Levitating,203807,dance
27SdWb2rFzO6GWiYDBTD9j,Sia,This Is Acting,Cheap Thrills,211666,dance
2J2Z1SkXYghSajLibnQHOa,Sia,This Is Acting,Unstoppable,217746,dance
0ct6r3EGTcMLPtrXHDvVjc,Avicii,The Days / Nights,The Nights,176658,dance
3zHq9ouUJQFQRf3cm1rRLu,Ellie Goulding,Delirium (Deluxe),"Love Me Like You Do - From ""Fifty Shades Of Grey""",252534,dance
7JJmb5XwzOO8jgpou264Ml,Shawn Mendes,Illuminate (Deluxe),There's Nothing Holdin' Me Back,199440,dance
3Vi5XqYrmQgOYBajMWSvCi,Doja Cat,Planet Her,Need to Know,210560,dance
2m6Ko3CY1qXNNja8AlugNc,Troye Sivan,Angel Baby,Angel Baby,220779,dance
0Cy7wt6IlRfBPHXXjmZbcP,Ellie Goulding,Fifty Shades Freed (Original Motion Picture Soundtrack),Love Me Like You Do,253520,dance
3B4etxytImrRKQgV3XHjnR,Katy Perry,Smile,Harleys In Hawaii,185480,dance
3QGsuHI8jO1Rx4JWLUh9jd,Shawn Mendes,Illuminate,Treat You Better,187973,dance
2BgEsaKNfHUdlh97KmvFyo,Anne-Marie,Speak Your Mind (Deluxe),2002,186986,dance
161DnLWsx1i3u1JT05lzqU,Bruno Mars,Doo-Wops & Hooligans,Talking to the Moon,217866,dance
6lanRgr6wXibZr8KgzXxBl,Christina Perri,A Thousand Years,A Thousand Years,285120,dance
5p7ujcrUXASCNwRaWNHR1C,Halsey,Without Me,Without Me,201660,dance
1mXVgsBdtIVeCLJnSnmtdV,Sam Smith,The Thrill Of It All (Special Edition),Too Good At Goodbyes,201000,dance
6Im9k8u9iIzKMrmV7BWtlF,Ariana Grande,Positions,34+35,173710,dance
78qd8dvwea0Gosb6Fe6j3k,Doja Cat,Boss Bitch,Boss Bitch,134239,dance
0nrRP2bk19rLc0orkWPQk2,Avicii,True,Wake Me Up,247426,dance
3zkWCteF82vJwv0hRLba76,Shawn Mendes,Handwritten,Stitches,206880,dance
7a53HqqArd4b9NF4XAmlbI,Ava Max,Heaven & Hell,Kings & Queens,162398,dance
0hquQWY3xvYqN4qtiquniF,Doja Cat,Vegas (From the Original Motion Picture Soundtrack ELVIS),Vegas (From the Original Motion Picture Soundtrack ELVIS),182906,dance
0ClPIeT6MSgfSgQ9ZrJbAq,Charlie Puth,Cheating on You,Cheating on You,196606,dance
7DnAm9FOTWE3cUvso43HhI,Ava Max,Heaven & Hell,Sweet but Psycho,187436,dance
4v7DCN09hgXkKazefkznDQ,Akon,Trouble Deluxe Edition,Lonely,235800,dance
3uwnnTQcHM1rDqSfA4gQNz,Demi Lovato,Confident,Cool for the Summer,214739,dance
3e9HZxeyfWwjeyPAMmWSSQ,Ariana Grande,"thank u, next","thank u, next",207320,dance
7xoUc6faLbCqZO6fQEYprd,Ariana Grande,My Everything (Deluxe),One Last Time,197266,dance
2ekn2ttSfGqwhhate0LSR0,Dua Lipa,Dua Lipa (Deluxe),New Rules,209320,dance
59qrUpoplZxbIZxk6X0Bm3,Jason Derulo,Take You Dancing,Take You Dancing,190306,dance
22vgEDb5hykfaTwLuskFGD,Jonas Brothers,Happiness Begins,Sucker,181026,dance
0qvzXomUDJVaUboy2wMfiS,Niall Horan,Flicker (Deluxe),This Town,232852,dance
76cy1WJvNGJTj78UqeA5zr,Dua Lipa,Dua Lipa (Deluxe),IDGAF,217946,dance
2iUXsYOEPhVqEBwsqP70rE,5 Seconds of Summer,Youngblood (Deluxe),Youngblood,203417,dance
0U1W2LZVUX7qTm7dDpqxh6,Shawn Mendes,When You're Gone,When You're Gone,172266,dance
1V6gIisPpYqgFeWbMLI0bA,Demi Lovato,Demi,Heart Attack,210840,dance
0PDUDa38GO8lMxLCRc4lL1,ZAYN,Mind Of Mine (Deluxe Edition),PILLOWTALK,202746,dance
4C6Uex2ILwJi9sZXRdmqXp,Nicki Minaj,Super Freaky Girl,Super Freaky Girl,170977,dance
6h5PAsRni4IRlxWr6uDPTP,Axwell /\ Ingrosso,More Than You Know,More Than You Know,203000,dance
5OCJzvD7sykQEKHH7qAC3C,Ariana Grande,Sweetener,God is a woman,197546,dance
3DmW6y7wTEYHJZlLo1r6XJ,Becky G,Shower,Shower,206166,dance
0wI7QkCcs8FUQE1OkXUIqd,Alessia Cara,Know-It-All,Scars To Your Beautiful,230240,dance
0laYHRpNTS6i8FXdupHkJ4,Selena Gomez & The Scene,When The Sun Goes Down,Love You Like A Love Song,188453,dance
2P4OICZRVAQcYAV2JReRfj,Avicii,Stories,Waiting For Love,230613,dance
26wLOs3ZuHJa2Ihhx6QIE6,5 Seconds of Summer,13 Reasons Why (Season 3),Teeth,204887,dance
6ic8OlLUNEATToEFU3xmaH,Britney Spears,Blackout,Gimme More,251240,dance
60ynsPSSKe6O3sfwRnIBRf,Doja Cat,Hot Pink,Streets,226986,dance
0KKkJNfGyhkQ5aFogxQAPU,Bruno Mars,24K Magic,That's What I Like,206693,dance
47BBI51FKFwOMlIiX6m8ya,Backstreet Boys,Millennium,I Want It That Way,213306,dance
3PfIrDoz19wz7qK7tYeu62,Dua Lipa,Future Nostalgia,Don't Start Now,183290,dance
7uoFMmxln0GPXQ0AcCBXRq,Sia,Everyday Is Christmas (Deluxe Edition),Snowman,165906,dance
0k2GOhqsrxDTAbFFSdNJjT,Sean Paul,The Trinity,Temperature,218573,dance
7BqBn9nzAq8spo5e7cZ0dJ,Bruno Mars,Doo-Wops & Hooligans,Just the Way You Are,220734,dance
1oew3nFNY3vMacJAsvry0S,Rixton,Let The Road,Me And My Broken Heart,193733,dance
017PF4Q3l4DBUiWoXk4OWT,Dua Lipa,Future Nostalgia,Break My Heart,221820,dance
1KixkQVDUHggZMU9dUobgm,Ava Max,Heaven & Hell,My Head & My Heart,174760,dance
0AS63m1wHv9n4VVRizK6Hc,Shawn Mendes,Illuminate (Deluxe),Mercy,208733,dance
0lUSd7TCG8srh6HpIAEIWL,Little Mix,Glory Days (Expanded Edition),Power,247840,dance
4VrWlk8IQxevMvERoX08iC,Sia,1000 Forms Of Fear,Chandelier,216120,dance
3Dv1eDb0MEgF93GpLXlucZ,Doja Cat,Hot Pink,Say So,237893,dance
1rIKgCH4H52lrvDcz50hS8,Zara Larsson,So Good,Lush Life,201122,dance
7t3Xdbufg7q2onVsR8RBdY,Sam Smith,Love Goes,Fire On Fire,246735,dance
1xzi1Jcr7mEi9K2RfzLOqS,Beyoncé,RENAISSANCE,CUFF IT,225388,dance
2qT1uLXPVPzGgFOx4jtEuo,Ariana Grande,Sweetener,no tears left to cry,205920,dance
7795WJLVKJoAyVoOtCWqXN,Sam Smith,In The Lonely Hour,I'm Not The Only One,239316,dance
3w3y8KPTfNeOKPiqUTakBh,Bruno Mars,Unorthodox Jukebox,Locked out of Heaven,233478,dance
4kV4N9D1iKVxx1KLvtTpjS,Ariana Grande,"thank u, next","break up with your girlfriend, i'm bored",190440,dance
3eJH2nAjvNXdmPfBkALiPZ,Jason Derulo,Acapulco,Acapulco,139672,dance
5YbPxJwPfrj7uswNwoF1pJ,Burna Boy,"Love, Damini",Last Last,172342,dancehall
2grjqo0Frpf2okIBiifQKs,"Earth, Wind & Fire","The Best Of Earth, Wind & Fire Vol. 1",September,215093,disco
49X0LAl6faAusYq02PRAY6,Modjo,Modjo (Remastered),Lady - Hear Me Tonight,307153,disco
5ubvP9oKmxLUVq506fgLhk,Bee Gees,How Can You Mend A Broken Heart,Stayin Alive,285373,disco
4cOdK2wGLETKBW3PvgPWqT,Rick Astley,Whenever You Need Somebody,Never Gonna Give You Up,213573,disco
4y1LsJpmMti1PfRQV9AWWe,Cyndi Lauper,She's So Unusual,Girls Just Want to Have Fun,238266,disco
0ikz6tENMONtK6qGkOrU3c,Wham!,Make It Big,Wake Me Up Before You Go-Go,231333,disco
3koCCeSaVUyrRo3N2gHrd8,"Earth, Wind & Fire",Raise!,Let's Groove,339320,disco
6f3Slt0GbA2bPZlz0aIFXN,Tiësto,The Business,The Business,164000,edm
2tnVG71enUj33Ic2nFN6kZ,Regard,Ride It,Ride It,157605,edm
5UqCQaDshqbIk3pkhy4Pjg,Avicii,Levels,Levels - Radio Edit,199906,edm
7H7NyZ3G075GqPx2evsfeb,Mac DeMarco,Salad Days,Chamber Of Reflection,231723,edm
6jgkEbmQ2F2onEqsEhiliL,Mac DeMarco,2,My Kind of Woman,190845,edm
18uwL0vNUanqZH0ro2QcOP,Jeremy Zucker,"summer,",comethru,181613,electro
4DpNNXFMMxQEKl7r0ykkWA,Melanie Martinez,Cry Baby (Deluxe Edition),Play Date,179867,electro
3SErMoIKdRELto2OspGs5L,blackbear,dead,idfc,207026,electro
6jRq8gaZhMUyy5RclRPcAf,blackbear,everything means nothing,hot girl bummer,188343,electro
1TQXIltqoZ5XXyfCbAeSQQ,Sasha Alex Sloan,Dancing With Your Ghost,Dancing With Your Ghost,197732,electro
2Fxmhks0bxGSBdJ92vM42m,Billie Eilish,"WHEN WE ALL FALL ASLEEP, WHERE DO WE GO?",bad guy,194087,electro
2qxmye6gAegTMjLKEBoR3d,Alec Benjamin,Narrated For You,Let Me Down Slowly,169353,electro
698ItKASDavgwZ3WjaWjtz,Alan Walker,Different World,Faded,212106,electro
3ZCTVFBt2Brf31RLEnCkWJ,Billie Eilish,everything i wanted,everything i wanted,245425,electro
04sN26COy28wTXYj3dMoiZ,Billie Eilish,Bored,Bored,180933,electro
32BeYxKPrig1LefHsC0Xuo,Billie Eilish,Happier Than Ever (Edit),Happier Than Ever - Edit,151444,electro
5ajjAnNRh8bxFvaVHzpPjh,Madison Beer,Reckless,Reckless,203384,electro
4IhKLu7Vk3j2TLmnFPl6To,Alec Benjamin,Narrated For You,Water Fountain,218893,electro
21szgNA72iLwvBxHQLgwBh,Nessa Barrett,die first,die first,177108,electro
1zu2GKHPJIsUu80SUJX4H4,Alec Benjamin,(Un)Commentary,Devil Doesn’t Bargain,163613,electro
51NFxnQvaosfDDutk0tams,Billie Eilish,Bellyache,bellyache,179172,electro
7hDVYcQq6MxkdJGweuCtl9,Billie Eilish,dont smile at me,ocean eyes,200379,electro
360Wr96ywrCQq4kTAJ8Pq6,Melanie Martinez,Cry Baby (Deluxe Edition),Pacify Her,220013,electro
41zXlQxzTi6cGAjpOXyLYH,Billie Eilish,dont smile at me,idontwannabeyouanymore,203569,electro
20I6sIOMTCkB6w7ryavxtO,Carly Rae Jepsen,Kiss,Call Me Maybe,193400,electro
6YUTL4dYpB9xZO5qExPf05,Calvin Harris,Motion,Summer,222533,electro
7eB1V5LvAdxCc7brfGhRRo,Billie Eilish,dont smile at me,watch,177523,electro
1gihuPhrLraKYrJMAEONyc,Calvin Harris,18 Months,Feel So Close - Radio Edit,206413,electro
7m9OqQk4RVRkw9JJdeAw96,XXXTENTACION,17,Jocelyn Flores,119133,emo
5TXDeTFVRVY7Cvt0Dw4vWW,XXXTENTACION,17,Revenge,120026,emo
3GVkPk8mqxz0itaAriG1L7,XXXTENTACION,17,Everybody Dies In Their Nightmares,95466,emo
4UKCKdYiLN6IMA5ZESUTL7,XXXTENTACION,?,the remedy for a broken heart (why am I so in love),160184,emo
7AFASza1mXqntmGtbxXprO,XXXTENTACION,?,changes,121886,emo
2ZRo7axmMPeSVUvDbGkJah,XXXTENTACION,?,Hope,110886,emo
3ee8Jmje8o58CHK66QrVC2,XXXTENTACION,?,SAD!,166605,emo
7floNISpH8VF4z4459Qo18,XXXTENTACION,Look At Me!,Look At Me!,126345,emo
0JP9xo3adEtGSdUEISiszL,XXXTENTACION,?,Moonlight,135090,emo
04aAxqtGp5pv12UXAg4pkq,Fall Out Boy,American Beauty/American Psycho,Centuries,228360,emo
7z84Fwf1R3Z2BwHCP620CI,Paramore,This Is Why,This Is Why,207652,emo
1yjY7rpaAQvKwpdUliHx0d,Paramore,Paramore,Still into You,216013,emo
0S0vWvyZ6Rc79TXkWxT9QA,Lil Peep,"Come Over When You're Sober, Pt. 1",Save That Shit,231546,emo
7j31rVgGX9Q2blT92VBEA0,My Chemical Romance,The Black Parade,Teenagers,161920,emo
5wQnmLuC1W7ATsArWACrgW,My Chemical Romance,The Black Parade,Welcome to the Black Parade,311106,emo
3Zwu2K0Qa5sT6teCCHPShP,Fall Out Boy,Infinity On High,Thnks fr th Mmrs,203506,emo
2TfSHkHiFO4gRztVIkggkE,Fall Out Boy,From Under The Cork Tree,"Sugar, We're Goin Down",229093,emo
3hRV0jL3vUpRrcy398teAU,Lord Huron,Strange Trails,The Night We Met,208211,folk
1Fid2jjqsHViMX6xNH70hE,Seafret,Tell Me It's Real (Expanded Edition),Atlantis,229173,folk
5NORWMFC27ywGSZxi8uquP,The Lumineers,Cleopatra,Ophelia,160097,folk
3u6PxWema1snbjLbFEyjkJ,Seafret,Atlantis,Atlantis - Extra Sped Up Version,190758,folk
7yq4Qj7cqayVTp3FF9CWbm,Vance Joy,Dream Your Life Away,Riptide,204280,folk
1K3LRUEcUz5FMtPYyg0F45,The Lumineers,The Lumineers (Deluxe Edition),Ho Hey,163133,folk
2ixsaeFioXJmMgkkbd4uj1,George Ezra,Wanted on Voyage (Expanded Edition),Budapest,200733,folk
4U45aEWtQhrm8A5mxPaFZ7,Billy Joel,The Stranger (Legacy Edition),Vienna,214240,folk
4ofwffwvvnbSkrMSCKQDaC,George Ezra,Staying at Tamara's,Shotgun,201287,folk
5zA8vzDGqPl2AzZkEYQGKh,Billy Joel,An Innocent Man,Uptown Girl,197706,folk
2ihCaVdNZmnHZWt0fvAM7B,Of Monsters and Men,My Head Is An Animal,Little Talks,266600,folk
2M9ro2krNb7nr7HSprkEgo,Tracy Chapman,Tracy Chapman,Fast Car,296800,folk
62AuGbAkt8Ox2IrFFb8GKV,Neil Diamond,Sweet Caroline,Sweet Caroline,203573,folk
4s6LhHAV5SEsOV0lC2tjvJ,The Mamas & The Papas,If You Can Believe Your Eyes & Ears,California Dreamin' - Single Version,162373,folk
3yrSvpt2l1xhsV9Em88Pul,Van Morrison,Blowin' Your Mind!,Brown Eyed Girl,183306,folk
3Vby4nGmtbDo7HDJamOWkT,Stealers Wheel,Stealers Wheel,Stuck In The Middle With You,208946,folk
1MqzIgGsHP4cNjPboevsfq,Indila,Mini World,Tourner Dans Le Vide,246093,french
5ZduaRci3iNUiDfJbBfAaf,Matt Sassari,Give It To Me (Full Vocal Mix),Give It To Me - Full Vocal Mix,102860,french
0z3bi63SNZ5ylyHOzb81Uq,Gambi,PETETE,PETETE,123846,french
2qOm7ukLyHUXWyR4ZWLwxA,Ice Cube,The Predator,It Was A Good Day,260000,funk
2Ih217RCGAmyQR68Nn7Cqo,Ice Cube,Lethal Injection,You Know How We Do It,232773,funk
5g9lS8deSIxItFBmZRC4vN,2Pac,All Eyez On Me,Ambitionz Az A Ridah,278386,funk
3IAfUEeaXRX9s9UdKOJrFI,Anitta,Envolver,Envolver,193805,funk
1k1Bqnv2R0uJXQN4u6LKYt,Bill Withers,Just As I Am,Ain't No Sunshine,125093,funk
745H5CctFr12Mo7cqa1BMH,The Temptations,The Temptations Sing Smokey,My Girl,165000,funk
1i6N76fftMZhijOzFQ5ZtL,Talking Heads,Talking Heads '77 (Deluxe Version),Psycho Killer - 2005 Remaster,261413,funk
4m1mqQuy34Nzh0480VR364,MC Kevin o Chris,Incendeia,Incendeia,239999,funk
5XeFesFbtLpXzIVDNQP22n,Arctic Monkeys,AM,I Wanna Be Yours,183956,garage
5FVd6KXrgO9B3JPmC8OPst,Arctic Monkeys,AM,Do I Wanna Know?,272394,garage
0BxE4FqsDD1Ot4YuBXwAPp,Arctic Monkeys,Favourite Worst Nightmare,505,253586,garage
086myS9r57YsLbJpU0TgK9,Arctic Monkeys,AM,Why'd You Only Call Me When You're High?,161123,garage
7DcJ6fEBb7BaKuYKTwiDxK,Mild High Club,Skiptracing,Homage,177493,garage
2AT8iROs4FQueDv2c8q2KE,Arctic Monkeys,AM,R U Mine?,201726,garage
0NdTUS4UiNYCNn5FgVqKQY,Arctic Monkeys,AM,Snap Out Of It,193030,garage
3jfZ9M23l0L7RxzYMTgBTv,Joy Again,Looking Out for You,Looking Out for You,179499,garage
7nzsY8vlnKdvGOEE0rjAXZ,Arctic Monkeys,AM,Arabella,207356,garage
2x8evxqUlF0eRabbW2JBJd,Arctic Monkeys,Favourite Worst Nightmare,Fluorescent Adolescent,183893,garage
11iIikXxC6NP0Ma8vMD27x,Vundabar,Gawk,Alien Blues,155933,garage
34xGLuxM0rkxhCVyMSqwJO,Milky Chance,Sadnecessary,Stolen Dance,313684,german
3ovjw5HZZv43SxTwApooCM,Scorpions,Crazy World,Wind Of Change,312360,german
2XRn6Qu0Wd1KvOND8JbaTx,Luciano,Beautiful Girl,Beautiful Girl,179186,german
2HZLXBOnaSRhXStMLrq9fD,Ghost,Seven Inches Of Satanic Panic,Mary On A Cross,244804,hard-rock
4JiEyzf0Md7KEFFGWDDdCr,Guns N' Roses,Use Your Illusion II,Knockin' On Heaven's Door,336000,hard-rock
5MxNLUsfh7uzROypsoO5qe,Aerosmith,Aerosmith,Dream On,266960,hard-rock
7o2CTH4ctstm8TNelqjb51,Guns N' Roses,Appetite For Destruction,Sweet Child O' Mine,354520,hard-rock
0nLiqZ6A27jJri2VCalIUs,Metallica,Metallica,Nothing Else Matters,388266,hard-rock
57bgtoPSgt236HzfBOd8kj,AC/DC,The Razors Edge,Thunderstruck,292880,hard-rock
78lgmZwycJ3nzsdgmPPGNx,Led Zeppelin,Led Zeppelin III (Remaster),Immigrant Song - Remaster,146250,hard-rock
3YBZIN3rekqsKxbJc9FZko,Guns N' Roses,Appetite For Destruction,Paradise City,405640,hard-rock
3YRCqOhFifThpSRFJ1VWFM,Guns N' Roses,Use Your Illusion I,November Rain,536066,hard-rock
5CQ30WqJwcep0pYcV4AMNc,Led Zeppelin,Led Zeppelin IV (Deluxe Edition),Stairway to Heaven - Remaster,482830,hard-rock
2zYzyRzz6pRmhPzyfMEC8s,AC/DC,Highway to Hell,Highway to Hell,208400,hard-rock
5sICkBXVmaCQk5aISGR3x1,Metallica,Metallica,Enter Sandman,331266,hard-rock
2MuWTIM3b0YEAskbeeFE1i,Metallica,Master Of Puppets (Remastered),Master Of Puppets,515386,hard-rock
08mG3Y1vljYA6bvDt4Wqkj,AC/DC,Back In Black,Back In Black,255493,hard-rock
3MrRksHupTVEQ7YbA0FsZK,Europe,The Final Countdown (Expanded Edition),The Final Countdown,310333,hard-rock
4bHsxqR3GMrXTxEPLuK5ue,Journey,Escape (Bonus Track Version),Don't Stop Believin',250986,hard-rock
2N2yrmodOnVF10mKvItC9P,Guns N' Roses,Use Your Illusion I,Don't Cry (Original),283733,hard-rock
0bVtevEgtDIeRjCJbK3Lmv,Guns N' Roses,Appetite For Destruction,Welcome To The Jungle,272026,hard-rock
7LRMbd3LEoV5wZJvXT1Lwb,AC/DC,High Voltage,T.N.T.,214666,hard-rock
2SiXAy7TuUkycRVbbWDEpo,AC/DC,Back In Black,You Shook Me All Night Long,210173,hard-rock
6zeE5tKyr8Nu882DQhhSQI,Kansas,Point Of Know Return (Expanded Edition),Dust in the Wind,206266,hard-rock
1JLn8RhQzHz3qDqsChcmBl,Foreigner,Agent Provocateur,I Want to Know What Love Is - 1999 Remaster,304786,hard-rock
7ACxUo21jtTHzy7ZEV56vU,Ozzy Osbourne,Blizzard Of Ozz (40th Anniversary Expanded Edition),Crazy Train,293183,hard-rock
7N3PAbqfTjSEU1edb2tY8j,Van Halen,1984 (Remastered),Jump - 2015 Remaster,241599,hard-rock
7KwZNVEaqikRSBSpyhXK2j,The Notorious B.I.G.,Life After Death (2014 Remastered Edition),Hypnotize - 2014 Remaster,229826,hardcore
2g8HN35AnVGIk7B8yMucww,The Notorious B.I.G.,Ready to Die (The Remaster),Big Poppa - 2005 Remaster,252746,hardcore
1aL9518P5G72N92b48tuKw,AP Dhillon,Summer High,Summer High,177391,hip-hop
08Isz2ETWSBhvIl8UpKYsp,Shubh,No Love,No Love,170387,hip-hop
6ZYxNjuAU9Vy3VtF6W1dtE,Shubh,We Rollin,We Rollin,199205,hip-hop
0yCWDaAgOtg6TKlNCg9rwA,King,The Carnival,Tu Aake Dekhle,270000,hip-hop
5W7DOVGQLTigu09afW7QMT,Sidhu Moose Wala,Moosetape,295,270000,hip-hop
0e8nrvls4Qqv5Rfa2UhqmO,Lil Nas X,MONTERO,THATS WHAT I WANT,143901,hip-hop
27ZZdyTSQWI7Cug2d2PkqV,Armani White,BILLIE EILISH.,BILLIE EILISH.,99282,hip-hop
5DqdesEfbRyOlSS3Tf6c29,Ali Gatie,YOU,It's You,212606,hip-hop
1SC5rEoYDGUK4NfG82494W,Lil Nas X,MONTERO,MONTERO (Call Me By Your Name),137704,hip-hop
7lQ8MOhq6IN2w8EYcFNSUk,Eminem,The Eminem Show,Without Me,290320,hip-hop
0VgkVdmE4gld66l8iyGjgx,Future,FUTURE,Mask Off,204600,hip-hop
3Ofmpyhv5UAQ70mENzB277,Masked Wolf,Astronaut In The Ocean,Astronaut In The Ocean,132780,hip-hop
3yfqSUWxFvZELEM4PmlwIR,Eminem,The Marshall Mathers LP,The Real Slim Shady,284200,hip-hop
6DCZcSspjsKoFjzjrWoCdn,Drake,Scorpion,God's Plan,198973,hip-hop
38T0tPVZHcPZyhtOcCP7pF,Lil Nas X,STAR WALKIN' (League of Legends Worlds Anthem),STAR WALKIN' (League of Legends Worlds Anthem),210575,hip-hop
1PckUlxKqWQs3RlWXVBLw3,Lizzo,About Damn Time,About Damn Time,191822,hip-hop
7Ie9W94M7OjPoZVV216Xus,Eminem,Recovery,Not Afraid,248133,hip-hop
4cacyP5c3PMlfnyjpg13xW,Yung Gravy,Betty (Get Money),Betty (Get Money),146470,hip-hop
68Dni7IE4VyPkTOH9mRWHr,J. Cole,2014 Forest Hills Drive,No Role Modelz,292799,hip-hop
3eekarcy7kvN4yt5ZFzltW,Travis Scott,HIGHEST IN THE ROOM,HIGHEST IN THE ROOM,175720,hip-hop
7KXjTSCq5nL1LoYtL7XAwS,Kendrick Lamar,DAMN.,HUMBLE.,177000,hip-hop
1rDQ4oMwGJI7B4tovsBOxc,Jack Harlow,First Class,First Class,173947,hip-hop
6gBFPUFcJLzWGx4lenP6h2,Travis Scott,Birds In The Trap Sing McKnight,goosebumps,243836,hip-hop
1r8ZCjfrQxoy2wVaBUbpwg,The Kid LAROI,Thousand Miles,Thousand Miles,164781,hip-hop
27OeeYzk6klgBh83TSvGMA,The Kid LAROI,F*CK LOVE (SAVAGE),WITHOUT YOU,161384,hip-hop
6or1bKJiZ06IlK0vFvY75k,Eminem,The Marshall Mathers LP2 (Deluxe),Rap God,363521,hip-hop
0fX4oNGBWO3dSGUZcVdVV2,Kendrick Lamar,Mr. Morale & The Big Steppers,N95,195950,hip-hop
7iL6o9tox1zgHpKUfh9vuC,50 Cent,Get Rich Or Die Tryin',In Da Club,193466,hip-hop
2xLMifQCjDGFmkHkpNLD9h,Travis Scott,ASTROWORLD,SICKO MODE,312820,hip-hop
1v7L65Lzy0j0vdpRjJewt1,Eminem,Just Lose It,"Lose Yourself - From ""8 Mile"" Soundtrack",322226,hip-hop
11kDth1aKUEUMq9r1pqyds,Travis Scott,ASTROWORLD,5% TINT,196138,house
2cYqizR4lgvp4Qu6IQ3qGN,Travis Scott,ASTROWORLD,BUTTERFLY EFFECT,190557,house
2GYHyAoLWpkxLVa4oYTVko,Stromae,Cheese,Alors on danse - Radio Edit,206066,house
6OufwUcCqo81guU2jAlDVP,Shouse,Love Tonight,Love Tonight - Edit,241970,house
5odlY52u43F5BjByhxg7wg,JVKE,this is what ____ feels like (Vol. 1-4),golden hour,209259,indie-pop
6CDzDgIUqeDY5g8ujExx2f,Glass Animals,Heat Waves,Heat Waves,238805,indie-pop
6N22FZs2ZhPBYi3b9XPajV,Labrinth,Euphoria (Original Score from the HBO Series),Still Don't Know My Name,153294,indie-pop
6EtKlIQmGPB9SX8UjDJG5s,Labrinth,Euphoria (Original Score from the HBO Series),Formula,91869,indie-pop
3Wrjm47oTz2sjIgck11l5e,Måneskin,Chosen,Beggin',211560,indie-pop
7B3z0ySL9Rr0XvZEAjWZzM,Clairo,Immunity,Sofia,188386,indie-pop
7EkWXAI1wn8Ii883ecd9xr,Surf Curse,Freaks,Freaks,147062,indie-pop
1ZdhOMWyFR8Iv9eylMGYg2,Labrinth,Imagination & the Misfit Kid,Mount Everest,157497,indie-pop
4pt5fDVTg5GhEvEtlz9dKk,Måneskin,Teatro d'ira - Vol. I,I WANNA BE YOUR SLAVE,173346,indie-pop
6FYfhKknpt05Om6YPcEYAg,girl in red,we fell in love in october / forget her,we fell in love in october,184153,indie-pop
3DamFFqW32WihKkTVlwTYQ,Owl City,Ocean Eyes,Fireflies,228346,indie-pop
6vFsBXYczYsP0H3lgunZOm,Beach Bunny,Honeymoon,Cloud 9,147350,indie-pop
5NvOZCjZaGGGL597exlQWv,Ricky Montgomery,Montgomery Ricky,Line Without a Hook,249586,indie-pop
6MpCaSIOfqBqbMED4kXgNY,Beach Bunny,Prom Queen,Prom Queen,136562,indie-pop
5Hroj5K7vLpIG4FNCRIjbP,American Authors,"Oh, What A Life",Best Day Of My Life,194240,indie-pop
3L3G4XFQqtFe9a3azMacZ5,Suki Waterhouse,Good Looking,Good Looking,214800,indie-pop
2vWBUC9djv6BtiGlmKiQaH,Yot Club,Bipolar,YKWIM?,212750,indie-pop
3aauaXWRgwCMoykMbI0Jq1,Two Feet,A 20 Something Fuck,I Feel Like I'm Drowning,185520,indie-pop
1Ame8XTX6QHY0l0ahqUhgv,Måneskin,THE LONELIEST,THE LONELIEST,247067,indie-pop
2enPRFda84VE2wtI8c86Uf,Cults,Static,Always Forever,223746,indie-pop
0I1eFRytp4XRhLCjT6tZm7,Roar,I Can't Handle Change,I Can't Handle Change,198213,indie-pop
2IVsRhKrx8hlQBOWy4qebo,Ricky Montgomery,Montgomery Ricky,Mr Loverman,216880,indie-pop
3jjsRKEsF42ccXf8kWR3nu,Mitski,Be the Cowboy,Washing Machine Heart,128198,indie-pop
3zksbXteOCeSusJ5Xltr3t,Clairo,Bubble Gum,Bubble Gum,175960,indie-pop
6dBUzqjtbnIa1TwYbyw5CM,TV Girl,French Exit,Lovers Rock,213920,indie-pop
45ROR8UMn60YEVQnDy0uVF,Cavetown,Animal Kingdom,Juliet,278991,indie-pop
4qbEaaJ29p32GI8EWQmm6R,mazie,the rainbow cassette,dumb dumb,125256,indie-pop
63WuQOXohQIxOxIFA2K7bR,Måneskin,SUPERMODEL,SUPERMODEL,148064,indie-pop
3sslYZcFKtUvIEWN9lADgr,Mitski,Bury Me At Makeout Creek,First Love / Late Spring,278640,indie-pop
01TyFEZu6mHbffsVfxgrFn,Men I Trust,Show Me How,Show Me How,215110,indie-pop
3IznIgmXtrUaoPWpQTy5jB,TV Girl,Who Really Cares,Not Allowed,167864,indie-pop
51Grh1RyUDcMBbpuyUIUHI,Liana Flores,recently,rises the moon,161929,indie-pop
2P5yIMu2DNeMXTyOANKS6k,Mitski,Be the Cowboy,Nobody,193429,indie-pop
0vf2eBw2inhl8y61cYQMv2,Cavetown,Cavetown,Devil Town,179955,indie-pop
1170VohRSx6GwE6QDCHPPH,The Backseat Lovers,When We Were Friends,Kilby Girl,282205,indie-pop
5411TEB6tlzvuF5A4oyldr,Mitski,Bury Me At Makeout Creek,Francis Forever,149680,indie-pop
6QeYSvYqYUsfBzsApbjDHO,TV Girl,Who Really Cares,Cigarettes out the Window,198960,indie-pop
0snQrp1VaY5Pj1YIHRJpRJ,Aditya A,Chaand Baaliyan,Chaand Baaliyan,103264,indie
4SqWKzw0CbA05TGszDgMlc,The Walters,I Love You So,I Love You So,160239,indie
0sTlGEld0h8kIPZaKDYUf4,The Rare Occasions,Notion,Notion,195120,indie
2GThBgzZoZfz0lx1JjBwfe,New West,Those Eyes,Those Eyes,220750,indie
7w87IxuO7BDcJ3YUqCyMTT,Foster The People,Torches,Pumped Up Kicks,239600,indie
0MnTkIEP4zZN1IUSu8MvIz,Cafuné,Tek It (I Watch the Moon),Tek It - Sped Up,166859,indie
1KIJclzEbNhSVw8tiHPWwE,Vacations,Vibes,Young,189160,indie
751srcHf5tUqcEa9pRCQwP,Cafuné,Running,Tek It,191823,indie
2kS6td1yvmpNgZTt1q5pQq,Mother Mother,O My Heart,Hayloft,181680,indie
0kYMwaQWABTkFff8AZjmYI,Mother Mother,Inside (Deluxe),Hayloft II,215040,indie
0o9zmvc5f3EFApU52PPIyW,Fujii Kaze,HELP EVER HURT NEVER,Shinunoga E-Wa,185573,j-pop
2Dzzhb1oV5ckgOjWZLraIB,なとり,Overdose,Overdose,197093,j-pop
45OX2jjEw1l7lOFJfDP9fv,LISA,LALISA,MONEY,168227,k-pop
5FVbvttjEvQ8r2BgUcJgNg,BTS,BE,Life Goes On,207481,k-pop
5QDLhrAOJJdNAmCTJ8xMyW,BTS,BE,Dynamite,199053,k-pop
7EyhPjrJzjx0fk2i7vUJCS,BLACKPINK,Pink Venom,Pink Venom,186964,k-pop
3BHR1mJOqn2UZyq98YKPgd,BLACKPINK,BORN PINK,Typa Girl,179172,k-pop
1I2MEjnS9c4OPMnKWbIuYs,BLACKPINK,BORN PINK,Hard to Love,162569,k-pop
6tCd8bPvYnceDG7W9M1RMk,BLACKPINK,BORN PINK,Shut Down,175889,k-pop
5YMXGBD6vcYP7IolemyLtK,BTS,Love Yourself 結 'Answer',Euphoria,228615,k-pop
69xohKu8C1fsflYAiSNbwM,BTS,Proof,Run BTS,204939,k-pop
10SRMwb9EuVS1K9rYsBfHQ,BTS,Proof,Yet To Come,193593,k-pop
3XYRV7ZSHqIRDG87DKTtry,BTS,Permission to Dance,Permission to Dance,187585,k-pop
6jjYDGxVJsWS0a5wlVF5vS,BTS,Proof,Butter,164952,k-pop
2gYj9lubBorOPIVWsTXugG,IVE,After LIKE,After LIKE,176973,k-pop
0RDqNCRBGrSegk16Avfzuq,TWICE,BETWEEN 1&2,Talk that Talk,177466,k-pop
296nXCOv97WJNRWzIBQnoj,LE SSERAFIM,FEARLESS,FEARLESS,168437,k-pop
6Ho58vQUjGnBU9m8Z6uNcv,BLACKPINK,BORN PINK,Tally,184248,k-pop
4JzCFEc3O2UEdjKzevvFH5,BTS,Proof,For Youth,264480,k-pop
6I2tqFhk8tq69iursYxuxd,SEVENTEEN,SEVENTEEN 4th Album 'Face the Sun',HOT,197586,k-pop
21hB8x6QTEsTfIDENPcyXm,BLACKPINK,BORN PINK,The Happiest Girl,222025,k-pop
0Q5VnK2DYzRyfqQRJuUtvi,IVE,LOVE DIVE,LOVE DIVE,177186,k-pop
4IaxDf2FixiQXq0mW7key9,Jessi,ZOOM,ZOOM,174840,k-pop
63irPUP3xB74fHdw1Aw9zR,Stray Kids,ODDINARY,MANIAC,182757,k-pop
3O8G8eVrhfXTGttyQ1xVuq,Stray Kids,MAXIDENT,CASE 143,191964,k-pop
308Ir17KlNdlrbVLHWhlLe,TWICE,Formula of Love: O+T=<3,The Feels,198053,k-pop
1HsSIPLTQT354yJcQGfEY3,TOMORROW X TOGETHER,minisode 2: Thursday's Child,Good Boy Gone Bad,191038,k-pop
0IGUXY4JbK18bu9oD4mPIm,(G)I-DLE,I NEVER DIE,TOMBOY,174386,k-pop
3QwiidVHfeE9y5jl4n2MTC,SEVENTEEN,SEVENTEEN 4th Album Repackage 'SECTOR 17',_WORLD,178453,k-pop
7n2FZQsaLb7ZRfRPfEeIvr,IVE,ELEVEN,ELEVEN,178453,k-pop
2WoluqyWzsgRmFCeHeGlnm,ITZY,CHECKMATE,SNEAKERS,179453,k-pop
1QpwvWMQGdOgA8MXXfgs4H,NMIXX,ENTWURF,DICE,165746,k-pop
1dfsPqH09vnzUWEOsN98Ex,SEULGI,28 Reasons - The 1st Mini Album,28 Reasons,189413,k-pop
2WTHLEVjfefbGoW7F3dXIg,aespa,Girls - The 2nd Mini Album,Girls,240440,k-pop
1oen3GpTcA486fTHaT7neg,Girls' Generation,FOREVER 1 - The 7th Album,FOREVER 1,202533,k-pop
5gflgO9EPbIBf16n5TKnQS,Zion & Lennox,Motivando a la Yal,Yo Voy (feat. Daddy Yankee),232019,latin
228BxWXUYQPJrJYHDLOHkj,Daddy Yankee,Barrio Fino (Bonus Track Version),Gasolina,192600,latin
5fwSHlTEWpluwOM0Sxnh5k,Farruko,Pepas,Pepas,287120,latin
5ww2BF9slyYgNOk37BlC4u,Manuel Turizo,La Bachata,La Bachata,162637,latin
1IHWl5LamUGEuP4ozKQSXZ,Bad Bunny,Un Verano Sin Ti,Tití Me Preguntó,243716,latin
2aI21FnmY7TJVKeMaoQZ0t,Nelly Furtado,Loose,Say It Right,223080,latin
5Eax0qFko2dh7Rl2lYs3bx,Bad Bunny,Un Verano Sin Ti,Efecto,213061,latin
6Xom58OOXk2SoU711L2IXO,Bad Bunny,Un Verano Sin Ti,Moscow Mule,245939,latin
31i56LZnwE6uSu3exoHjtB,Bad Bunny,Un Verano Sin Ti,Neverita,173119,latin
4wH4dJgrsxONID6KS2tDQM,Nelly Furtado,Loose,Maneater,258893,latin
6i1g5ZRmJZAkDwBaUZ3f2i,Luar La L,L3tra,Caile,141340,latin
2JPLbjOn0wPCngEot2STUS,Bad Bunny,Yonaguni,Yonaguni,206710,latino
4fSIb4hdOQ151TILNsSEaF,Rauw Alejandro,Todo De Ti,Todo De Ti,199604,latino
4XqXNU8MwPHwbgZmNXmAdc,Maluma,Junio,Junio,168601,latino
3fjN3y5x4hN53rykAN2LHQ,Rels B,cómo dormiste?,cómo dormiste?,112572,latino
2CeKVsFFXG4QzA415QygGb,Feid,FELIZ CUMPLEAÑOS FERXXO TE PIRATEAMOS EL ÁLBUM,Feliz Cumpleaños Ferxxo,155960,latino
3PpWCS95gDUDRPko3u1MZ9,Feid,FELIZ CUMPLEAÑOS FERXXO TE PIRATEAMOS EL ÁLBUM,Prohibidox,166253,latino
5B60XFKzm8WsJTdVyt4u4I,Myke Towers,Luces De Neón,Luces De Neón,219789,latino
5CzixCxDkRXX9mScCmah8O,Bad Bunny,Un Verano Sin Ti,Un Ratito,176936,latino
3XjN0mvFkQp1FMVM9Ro5hm,Daddy Yankee,LEGENDADDY,RUMBATÓN,248768,latino
0SqqAgdovOE24BzxIClpjw,Bad Bunny,YHLQMDLG,Yo Perreo Sola,172127,latino
2z9YkcLojiOE7Eu2p9lPZR,Feid,Normal,Normal,171986,latino
6ifUES3keWjwXgae8pXI3o,Danny Ocean,54+1,Me Rehúso,205714,latino
4HzqWEdAbzcVFDv0pvxV4w,Maluma,Sobrio,Sobrio,201180,latino
02jLfqc9gMo8PkHEGHY3OT,Feid,Si Te La Encuentras Por Ahí,Si Te La Encuentras Por Ahí,191573,latino
1FlL8ycld6uVDDyhV7P5FA,Rauw Alejandro,VICE VERSA,Cúrame,164705,latino
5kVZxyMY1gfdCLiChsfjn1,Bad Bunny,Un Verano Sin Ti,Yo No Soy Celoso,230704,latino
2NMjggapJcXXM7WccGEBUO,Bad Bunny,Un Verano Sin Ti,Enséñame a Bailar,176000,latino
6e9Ew4AECYwY5Xgs2ZKMgp,Anuel AA,Mercedes Tintia,Mercedes Tintia,195348,latino
5DxXgozhkPLgrbKFY91w0c,Bad Bunny,Vete,Vete,192024,latino
4d4ZXH4dr5bYfgErHiZCX2,Bad Bunny,Un Verano Sin Ti,Dos Mil 16,208615,latino
6VrQTLzzuyGIYjUDe4kAZk,Bad Bunny,Un Verano Sin Ti,Un Coco,196412,latino
28GCbKgjlVD9eDmasGbe0T,Bad Bunny,Un Verano Sin Ti,Me Fui de Vacaciones,180929,latino
41wtwzCZkXwpnakmwJ239F,Bad Bunny,YHLQMDLG,Si Veo a Tu Mamá,170971,latino
5kqNIqFjijuzvVLhuY9B8j,Bad Bunny,YHLQMDLG,La Zona,136892,latino
2uflssWlCaJ6CbTMOsUpNI,Bad Bunny,Un Verano Sin Ti,Aguacero,210989,latino
35wvL50xvKpCHEJPxLOLPI,Bad Bunny,X 100PRE,Si Estuviésemos Juntos,169247,latino
5RubKOuDoPn5Kj5TLVxSxY,Bad Bunny,EL ÚLTIMO TOUR DEL MUNDO,TE MUDASTE,130013,latino
6NfrH0ANGmgBXyxgV2PeXt,Bad Bunny,YHLQMDLG,La Difícil,163084,latino
4r9jkMEnArtWGH2rL2FZl0,Bad Bunny,YHLQMDLG,A Tu Merced,175918,latino
0wihfILRNOwE2156Shezc8,Bad Bunny,Un Verano Sin Ti,Agosto,139041,latino
0UvZcEfpzVyx47QsRbjyBz,Bad Bunny,Un Verano Sin Ti,El Apagón,201816,latino
0WSa1sucoNRcEeULlZVQXj,Bring Me The Horizon,Sempiternal (Expanded Edition),Can You Feel My Heart,228146,metal
0v1XpBHnsbkCn7iJ9Ucr1l,Bon Jovi,Crush,It's My Life,224493,metal
37ZJ0p5Jm13JPevGcx4SkF,Bon Jovi,Slippery When Wet,Livin' On A Prayer,249293,metal
0rmGAIH9LNJewFw7nKzZnc,Bon Jovi,Slippery When Wet,You Give Love A Bad Name,222706,metal
4h9wh7iOZ0GGn8QVp4RAOB,OneRepublic,"I Ain’t Worried (Music From The Motion Picture ""Top Gun: Maverick"")",I Ain't Worried,148485,piano
75FEaRjZTKLhTrFGsfMUXR,Kate Bush,Hounds Of Love,Running Up That Hill (A Deal With God),298933,piano
2tpWsVSb9UEmDRxAl1zhX1,OneRepublic,Native,Counting Stars,257266,piano
1SKPmfSYaPsETbRHaiA18G,Keane,Hopes And Fears,Somewhere Only We Know,237146,piano
5fVZC9GiM4e8vu99W0Xf6J,The Fray,How To Save A Life,How to Save a Life,262533,piano
29d0nY7TzCoi22XBqDQkiP,Kate Bush,Hounds of Love (2018 Remaster),Running Up That Hill (A Deal With God) - 2018 Remaster,300840,piano
5r43qanLhUCdBj8HN3fa6B,OneRepublic,Sunshine,Sunshine,163854,piano
3gdewACMIVMEWVbyb8O9sY,Elton John,Honky Chateau,"Rocket Man (I Think It's Going To Be A Long, Long Time)",281613,piano
1jDJFeK9x3OZboIAHsY9k2,Elton John,Too Low For Zero,I'm Still Standing,183440,piano
38zsOOcu31XbbYj9BIPUF1,Elton John,Elton John,Your Song,241786,piano
2TVxnKdb3tqe1nhQWwwZCO,Elton John,Madman Across The Water,Tiny Dancer,377093,piano
0VjIjW4GlUZAMYd2vXMi3b,The Weeknd,After Hours,Blinding Lights,200040,pop
58HvfVOeJY7lUuCqF0m3ly,Elley Duhé,MIDDLE OF THE NIGHT,MIDDLE OF THE NIGHT,184447,pop
5O2P9iiztwhomNh8xkR9lJ,One Direction,FOUR (Deluxe),Night Changes,226600,pop
2eAvDnpXP5W0cVtiI0PUxV,Ruth B.,Safe Haven,Dandelions,233720,pop
0tgVpDi06FyKpA1z0VMD4v,Ed Sheeran,÷ (Deluxe),Perfect,263400,pop
7qiZfU4dY1lWllzX7mPBI3,Ed Sheeran,÷ (Deluxe),Shape of You,233712,pop
0T5iIrXA4p5GsubkhuBIKV,Stephen Sanchez,Until I Found You,Until I Found You,177720,pop
4LRPiXqCikLlN15c3yImP7,Harry Styles,As It Was,As It Was,167303,pop
1SOClUWhOi8vHZYMz3GluK,Jaymes Young,Feel Something,Infinity,237720,pop
6xGruZOHLs39ZbVccQTuPZ,Joji,Glimpse of Us,Glimpse of Us,233456,pop
6I3mqTwhRpn34SLVafSH7G,Justin Bieber,Justice,Ghost,153190,pop
1u8c2t2Cy7UBoG4ArRcF5g,Taylor Swift,1989 (Deluxe),Blank Space,231826,pop
09mEdoA6zrmBPgTEN5qXmN,The Weeknd,"My Dear Melancholy,",Call Out My Name,228373,pop
6UelLqGlWMcVH1E5c4H7lY,Harry Styles,Fine Line,Watermelon Sugar,174000,pop
5QO79kh1waicV47BqGRL3g,The Weeknd,After Hours,Save Your Tears,215626,pop
3RiPr603aXAoi4GHyXx0uy,Coldplay,A Head Full of Dreams,Hymn for the Weekend,258266,pop
4cluDES4hQEUhmXj6TXkSo,One Direction,Up All Night,What Makes You Beautiful,199986,pop
4cktbXiXOapiLBMprHFErI,Maroon 5,JORDI (Deluxe),Memories,189486,pop
3rmo8F54jFF8OgYsqTxm5d,Ed Sheeran,=,Bad Habits,230746,pop
2Bs4jQEGMycglOfWPBqrVG,One Direction,FOUR (Deluxe),Steal My Girl,228133,pop
50kpGaPAhYJ3sGmk6vplg0,Justin Bieber,Purpose (Deluxe),Love Yourself,233720,pop
5wANPM4fQCJwkGd4rN57mH,Olivia Rodrigo,SOUR,drivers license,242013,pop
7qEHsqek33rTcFNT9PFqLf,Lewis Capaldi,Divinely Uninspired To A Hellish Extent,Someone You Loved,182160,pop
7fBv7CLKzipRk6EC6TWHOB,The Weeknd,Beauty Behind The Madness,The Hills,242253,pop
1Xi84slp6FryDSCbzq4UCD,Duncan Laurence,Arcade,Arcade,183624,pop
0Aqi7ArnBrGblW5T6p2jmD,Trevor Daniel,Nicotine,Falling,159381,pop
2Ch7LmS7r2Gy2kc64wv3Bz,The Weeknd,Starboy,Die For You,260253,pop
09CtPGIpYB4BrO8qb1RGsF,Justin Bieber,Purpose (Deluxe),Sorry,200786,pop
3hUxzQpSfdDqwM3ZTFQY0K,Taylor Swift,folklore,august,261922,pop
1v1oIWf2Xgh54kIWuKsDf6,AURORA,All My Demons Greeting Me As A Friend (Deluxe),Runaway,248826,pop
45bE4HXI0AwGZXfZtMp8JR,Tate McRae,you broke me first,you broke me first,169265,pop
5CZ40GBx1sQ9agT82CLQCT,Olivia Rodrigo,SOUR,traitor,229226,pop
3fVnlF4pGqWI9flVENcT28,Taylor Swift,1989,Wildest Dreams,220440,pop
4xqrdfXkTW4T0RauPLv3WA,Conan Gray,Kid Krow,Heather,198040,pop
4ZtFanR9U6ndgddUvNcjcG,Olivia Rodrigo,SOUR,good 4 u,178146,pop
6HU7h9RYOaPRFeh0R3UeAr,Olivia Rodrigo,SOUR,deja vu,215506,pop
1ei3hzQmrgealgRKFxIcWn,Benson Boone,In The Stars,In The Stars,216410,pop
1HNkqx9Ahdgi1Ixy2xkKkL,Ed Sheeran,x (Deluxe Edition),Photograph,258986,pop
3FAJ6O0NOHQV8Mc5Ri6ENp,Giveon,TAKE TIME,Heartbreak Anniversary,198370,pop
2K87XMYnUMqLcX3zvtAF4G,One Direction,Made In The A.M. (Deluxe Edition),Drag Me Down,192120,pop
1R0a2iXumgCiFb7HEZ7gUE,Taylor Swift,reputation,Don’t Blame Me,236413,pop
4nVBt6MZDDP6tRVdQTgxJg,One Direction,Midnight Memories (Deluxe),Story of My Life,245493,pop
4RVwu0g32PAqgUiJoXsdF8,Billie Eilish,Happier Than Ever,Happier Than Ever,298899,pop
2tGvwE8GcFKwNdAXMnlbfl,Olivia Rodrigo,SOUR,happier,175933,pop
5uCax9HTNlzGybIStD3vDh,James Arthur,Back from the Edge,Say You Won't Let Go,211466,pop
1dGr1c8CrMLDpV6mPbImSI,Taylor Swift,Lover,Lover,221306,pop
0WQiDwKJclirSYG9v5tayI,The Smiths,The Queen Is Dead,There Is a Light That Never Goes Out - 2011 Remaster,244586,punk-rock
2wVWGFVkL5I3JGsoWBx2AZ,blink-182,EDGING,EDGING,151533,punk-rock
2m1hi0nfMR9vdGC8UcrnwU,blink-182,Enema Of The State,All The Small Things,167066,punk-rock
39shmbIHICJ2Wxnk1fPSdz,The Clash,Combat Rock (Remastered),Should I Stay or Should I Go - Remastered,188986,punk-rock
4LJhJ6DQS7NwE7UKtvcM52,blink-182,Enema Of The State,What's My Age Again?,148360,punk-rock
3ZffCQKLFLUvYM59XKLbVm,Green Day,American Idiot,Wake Me up When September Ends,285653,punk
1AdYZ6X00nXmO613Y7GJOl,blink-182,blink-182,I Miss You,227250,punk
6nTiIhLmQ3FWhvrGafw2zj,Green Day,American Idiot,American Idiot,176346,punk
2Cdvbe2G4hZsnhNMKyGrie,Joan Jett & the Blackhearts,I Love Rock 'N' Roll (Expanded Edition),I Love Rock 'N Roll,175173,punk
6L89mwZXSOwYl76YXfX13s,Green Day,Dookie,Basket Case,181533,punk
2hnMS47jN0etwvFPzYk11f,Sublime,Sublime,Santeria,182746,punk
3SdTKo2uVsxFblQjpScoHy,Ben E. King,Don't Play That Song (Mono),Stand by Me,180055,r-n-b
0RLLvYBopDwooCyvnTwgYu,Lil Tjay,True 2 Myself,F.N,224000,r-n-b
1HvTxgCj0mTzQlEo0zLvFb,Lil Tjay,In My Head,In My Head,135264,r-n-b
4XvcHTUfIlWfyJTRG0aqlo,Sleepy Hallow,Still Sleep?,2055,123986,r-n-b
2BJWxD8xKrDv8vneTvTIm9,Lil Tjay,Beat the Odds,Beat the Odds,150000,r-n-b
6RtPijgfPKROxEzTHNRiDp,MAGIC!,Don't Kill the Magic,Rude,224840,reggae
7dSZ6zGTQx66c2GF91xCrb,KAROL G,PROVENZA,PROVENZA,210200,reggae
1BkY0N8ChFk2mdLbAUu8ZK,Musical Youth,Anthology,Pass The Dutchie,205426,reggae
75FYqcxt1YEAtqDLrOeIJn,Bob Marley & The Wailers,Exodus,Three Little Birds,180266,reggae
5O4erNlJ74PIF6kGol1ZrC,Bob Marley & The Wailers,Uprising,Could You Be Loved,237000,reggae
0Be7sopyKMv8Y8npsUkax2,Sebastian Yatra,Tacones Rojos,Tacones Rojos,189320,reggaeton
4v7riPZWyAclrOfUSwD0zp,Camilo,De Adentro Pa Afuera,Aeropuerto,177626,reggaeton
704LUEih663hiE3CnyUrFW,KAROL G,SEJODIOTO,SEJODIOTO,181106,reggaeton
44AyOl4qVkzS48vBsbNXaC,Elvis Presley,Blue Hawaii,Can't Help Falling in Love,182360,rock-n-roll
7DbdUf8aHSYoliSjO6LZv6,Beach Weather,Chit Chat,"Sex, Drugs, Etc.",196784,rock
1zB4vmk8tFRmM9UULNzbLB,Imagine Dragons,Evolve,Thunder,187146,rock
0pqnGHJpmpxLKifKRmU6WP,Imagine Dragons,Evolve,Believer,204346,rock
0HqZX76SFLDz2aW8aiqi7G,Imagine Dragons,Bones,Bones,165264,rock
68EkhVWIeULhHxcbi1QhzK,AJR,OK ORCHESTRA,World's Smallest Violin,180746,rock
6Qn5zhYkTa37e91HC1D7lb,Imagine Dragons,Evolve,Whatever It Takes,201240,rock
5qaEfEh1AtSdrdrByCP7qR,Imagine Dragons,Night Visions,Demons,177506,rock
2RSHsoi04658QL5xgQVov3,Imagine Dragons,Origins (Deluxe),Bad Liar,260773,rock
2DgdHcjWmO3qd50RzuBLgZ,Panic! At The Disco,Death of a Bachelor,House of Memories,208706,rock
2GiJYvgVaD2HtM8GqD9EgQ,BØRNS,Dopamine,Electric Love,218106,rock
6i0V12jOa3mr6uu4WYhUBr,Twenty One Pilots,Heathens,Heathens,195920,rock
2Z8WuEywRWYTKe1NybPQEW,Twenty One Pilots,Blurryface,Ride,214506,rock
3CRDbSIZ4r5MsZ0YwxuEkn,Twenty One Pilots,Blurryface,Stressed Out,202333,rock
62yJjFtgkhUrXktIoSjgP2,Imagine Dragons,Night Visions,Radioactive,186813,rock
2FY7b99s15jUprqC0M5NCT,Imagine Dragons,Origins (Deluxe),Natural,189466,rock
0NlGoUyOJSuSHmngoibVAs,Kodaline,In A Perfect World (Expanded Edition),All I Want,305746,rock
6Z8R6UsFuGXGtiIxiD8ISb,Capital Cities,In A Tidal Wave Of Mystery (Deluxe Edition),Safe And Sound,192789,rock
1rqqCSm0Qe4I9rUvWncaom,Panic! At The Disco,Pray for the Wicked,High Hopes,190946,rock
1JSTJqkT5qHq8MDJnJbRE1,The Police,Synchronicity (Remastered 2003),Every Breath You Take,253920,rock
4pbJqGIASGPr0ZpGpnWkDn,Queen,News Of The World (2011 Remaster),We Will Rock You - Remastered 2011,122066,rock
0GONea6G2XdnHWjNZd6zt3,Bryan Adams,Reckless (30th Anniversary / Deluxe Edition),Summer Of '69,216053,rock
4RCWB3V8V0dignt99LZ8vH,Plain White T's,All That We Needed,Hey There Delilah,232533,rock
4u7EnebtmKWzUH433cf5Qv,Queen,A Night At The Opera (2011 Remaster),Bohemian Rhapsody - Remastered 2011,354320,rock
5yDL13y5giogKs2fSNf7sj,The Wanted,Battleground (Deluxe Edition),Glad You Came,197935,rock
6FE2iI43OZnszFLuLtvvmg,MKTO,MKTO,Classic,175426,rock
4HlFJV71xXKIGcU3kRyttv,Train,"Save Me, San Francisco (Golden Gate Edition)","Hey, Soul Sister",216773,rock
5hnyJvgoWiQUYZttV4wXy6,Snow Patrol,Eyes Open,Chasing Cars,267960,rock
7EZC6E7UjZe63f1jRmkWxt,The Cranberries,No Need To Argue (The Complete Sessions 1994-1995),Zombie,306440,rock
5T8EDUDqKcs6OSOwEsfqG7,Queen,Jazz (2011 Remaster),Don't Stop Me Now - Remastered 2011,209413,rock
37Tmv4NnfQeb0ZgUC4fOJj,Dire Straits,Dire Straits,Sultans Of Swing,348400,rock
2WfaOiMkCvy7F5fcp2zZ8L,a-ha,Hunting High and Low,Take on Me,225280,rock
6Qyc6fS4DsZjB2mRW9DsQs,The Goo Goo Dolls,Dizzy up the Girl,Iris,289533,rock
2374M0fQpWi3dLnB54qaLX,TOTO,Toto IV,Africa,295893,rock
5qqabIl2vWzo9ApSC317sa,Oasis,(What's The Story) Morning Glory? [Remastered],Wonderwall - Remastered,258773,rock
3dYD57lRAUcMHufyqn9GcI,Hozier,Hozier,Take Me To Church,241688,singer-songwriter
3o9kpgkIcffx0iSwxhuNI2,Em Beihold,Numb Little Bug,Numb Little Bug,169237,singer-songwriter
4svaKoxMMP7ImmKrD5hfQu,Jax,Victoria’s Secret,Victoria’s Secret,176124,singer-songwriter
5Qnrgqy1pAm9GyNQOgyVFz,Sufjan Stevens,Carrie & Lowell,Fourth of July,279316,singer-songwriter
3yMC1KsTwh0ceXdIe4QQAQ,Lauren Spencer Smith,Fingers Crossed,Fingers Crossed,175344,singer-songwriter
3pCt2wRdBDa2kCisIdHWgF,Pamungkas,Flying Solo,To the Bone,344571,singer-songwriter
6Z165JvPnS8PYvGW8oLGLc,Lauren Spencer Smith,Flowers,Flowers,157373,singer-songwriter
7FwBtcecmlpc1sLySPXeGE,Bruce Springsteen,Born In The U.S.A.,Dancing In the Dark,241306,singer-songwriter
5UBonaClAZVfzxJNn8nnhh,Sleep Miracle,Brown Sleep Noise,Brown Sleep Noise,248000,sleep
3yWF3DqFBNLvf7s4C7mKUm,Aaryan Shah,Renegade,Renegade,222576,soul
3U4isOIWM3VvDubwSI3y7a,John Legend,Love In The Future (Expanded Edition),All of Me,269560,soul
3xKsf9qdS1CyvXSMEid6g8,Frank Ocean,Blonde,Pink + White,184516,soul
2aTKrdenCq5qBOoJPFdn4P,Jamie Miller,Here's Your Perfect,Here's Your Perfect,158594,soul
6Nle9hKrkL1wQpwNfEkxjh,Frank Ocean,Chanel,Chanel,210285,soul
2TktkzfozZifbQhXjT6I33,Omar Apollo,Ivory,Evergreen (You Didn’t Deserve Me At All),216680,soul
3GZD6HmiNUhxXYf8Gch723,Frank Ocean,channel ORANGE,Lost,234093,soul
58zsLZPvfflaiIbNWoA22O,Rag'n'Bone Man,Human (Deluxe),Human,200186,soul
2ZWlPOoWh0626oTaHrnl2a,Frank Ocean,Blonde,Ivy,249191,soul
7eqoqGkKwgOaWNNHx90uEZ,Frank Ocean,Blonde,Nights,307151,soul
2LMkwUfqC6S6s6qDVlEuzV,Frank Ocean,Blonde,White Ferrari,248807,soul
5BKKy9fIJL5uM9fz1SnqyP,Michael Jackson,XSCAPE,Chicago,245506,soul
7DfFc7a6Rwfi3YQMRbDMau,Frank Ocean,channel ORANGE,Thinkin Bout You,200746,soul
4osgfFTICMkcGbbigdsa53,Frank Ocean,Novacane,Novacane,302346,soul
3XVBdLihbNbxUwZosxcGuJ,Alicia Keys,The Diary Of Alicia Keys,If I Ain't Got You,228706,soul
6IwKcFdiRQZOWeYNhUiWIv,Alicia Keys,As I Am (Expanded Edition),No One,253813,soul
7MmrcXVA7A5zZ2CbDuGHNa,Rels B,A Mí,A Mí,209680,spanish
1Wrzhfa5bNlqvsnCztz190,Hombres G,Hombres G (Edición 30 Aniversario),Devuélveme a mi chica,194866,spanish
3vkQ5DAB1qQMYO4Mr9zJN6,ABBA,Voulez-Vous,Gimme! Gimme! Gimme! (A Man After Midnight),292613,swedish
7rWgGyRK7RAqAAXy4bLft9,ABBA,Voulez-Vous,Angeleyes,260893,swedish
0GjEhVFGZW8afUYGChu3Rr,ABBA,Arrival,Dancing Queen,230400,swedish
6kvoHl80mfCVTv7XnZkjQn,Roxette,It Must Have Been Love,"It Must Have Been Love - From the Film ""Pretty Woman""",258786,swedish
4RvWPyQ5RL0ao9LPZeSouE,Tears For Fears,Songs From The Big Chair (Super Deluxe Edition),Everybody Wants To Rule The World,251488,synth-pop
0cGG2EouYCEEC3xfa0tDFV,Soft Cell,Non-Stop Erotic Cabaret,Tainted Love,153800,synth-pop
